id,nombre,peso,edad,raza,comida
858,Adina,7.060000,14,Galgo,162.380005
212,Kath,6.330000,12,Galgo,145.589996
95,Rollin,8.000000,19,Galgo,184.000000
174,Scotty,5.480000,17,Galgo,126.040001
